Name,Gender,Email,Profile,Country,City,Latitude,Longitude,Position,Department
Amoli Padmanabha,Female,amoli.padmanabha@example.com,https://randomuser.me/api/portraits/women/88.jpg,Germany,Stuttgart,48.7758,9.1829,Project Manager,Product
Christiane Meunier,Female,christiane.meunier@example.com,https://randomuser.me/api/portraits/women/34.jpg,Argentina,Buenos Aires,-34.6037,-58.3816,HR Specialist,Human Resources
Willie Matthews,Male,willie.matthews@example.com,https://randomuser.me/api/portraits/men/19.jpg,USA,New York,40.7128,-74.006,Product Manager,Product
April Harper,Female,april.harper@example.com,https://randomuser.me/api/portraits/women/2.jpg,Germany,Hamburg,53.5511,9.9937,HR Specialist,Human Resources
Sofia Pollari,Female,sofia.pollari@example.com,https://randomuser.me/api/portraits/women/92.jpg,China,Shanghai,31.2304,121.4737,Product Manager,Product
Cristian León,Male,cristian.leon@example.com,https://randomuser.me/api/portraits/men/34.jpg,USA,New York,40.7128,-74.006,DevOps Engineer,Engineering
Blake Walker,Male,blake.walker@example.com,https://randomuser.me/api/portraits/men/84.jpg,Germany,Essen,51.4556,7.0116,Backend Developer,Engineering
رادین صدر,Male,rdyn.sdr@example.com,https://randomuser.me/api/portraits/men/98.jpg,France,Paris,48.8566,2.3522,DevOps Engineer,Engineering
Gonzaga Freitas,Male,gonzaga.freitas@example.com,https://randomuser.me/api/portraits/men/56.jpg,Sweden,Stockholm,59.3293,18.0686,Quality Assurance Specialist,Design
Stefana Obradović,Female,stefana.obradovic@example.com,https://randomuser.me/api/portraits/women/49.jpg,India,Mumbai,19.076,72.8777,UX Designer,Design
Lola Curtis,Female,lola.curtis@example.com,https://randomuser.me/api/portraits/women/64.jpg,UK,London,51.5074,-0.1278,Scrum Master,Product
دینا محمدخان,Female,dyn.mhmdkhn@example.com,https://randomuser.me/api/portraits/women/15.jpg,Russia,Moscow,55.7558,37.6173,Product Manager,Product
Ayush Bhardwaj,Male,ayush.bhardwaj@example.com,https://randomuser.me/api/portraits/men/8.jpg,India,Mumbai,19.076,72.8777,HR Specialist,Human Resources
Oliver Franzen,Male,oliver.franzen@example.com,https://randomuser.me/api/portraits/men/59.jpg,Egypt,Cairo,30.0444,31.2357,Quality Assurance Specialist,Design
Hans-Dieter Dörfler,Male,hans-dieter.dorfler@example.com,https://randomuser.me/api/portraits/men/35.jpg,Turkey,Istanbul,41.0082,28.9784,Product Manager,Product
Jessica Taylor,Female,jessica.taylor@example.com,https://randomuser.me/api/portraits/women/33.jpg,Russia,Moscow,55.7558,37.6173,Quality Assurance Specialist,Design
Pablo Puente,Male,pablo.puente@example.com,https://randomuser.me/api/portraits/men/64.jpg,Germany,Dusseldorf,51.2277,6.7735,Project Manager,Product
سپهر جعفری,Male,sphr.jaafry@example.com,https://randomuser.me/api/portraits/men/88.jpg,Egypt,Cairo,30.0444,31.2357,DevOps Engineer,Engineering
Arben Sanchez,Male,arben.sanchez@example.com,https://randomuser.me/api/portraits/men/27.jpg,Germany,Dusseldorf,51.2277,6.7735,HR Specialist,Human Resources
Sanne Schrøder,Female,sanne.schroder@example.com,https://randomuser.me/api/portraits/women/65.jpg,Sweden,Stockholm,59.3293,18.0686,Database Administrator,Data Analytics
Toivo Hakola,Male,toivo.hakola@example.com,https://randomuser.me/api/portraits/men/10.jpg,Egypt,Cairo,30.0444,31.2357,Product Manager,Product
Josephine Little,Female,josephine.little@example.com,https://randomuser.me/api/portraits/women/3.jpg,France,Paris,48.8566,2.3522,Project Manager,Product
Ine Dahle,Female,ine.dahle@example.com,https://randomuser.me/api/portraits/women/84.jpg,Germany,Leipzig,51.3397,12.3731,UX Designer,Design
Michael Clarke,Male,michael.clarke@example.com,https://randomuser.me/api/portraits/men/46.jpg,Germany,Bremen,53.0793,8.8017,System Administrator,Engineering
Boubker Haagsma,Male,boubker.haagsma@example.com,https://randomuser.me/api/portraits/men/62.jpg,Argentina,Buenos Aires,-34.6037,-58.3816,Backend Developer,Engineering
Mestan Tokgöz,Female,mestan.tokgoz@example.com,https://randomuser.me/api/portraits/women/83.jpg,China,Shanghai,31.2304,121.4737,Quality Assurance Specialist,Design
Erika Hill,Female,erika.hill@example.com,https://randomuser.me/api/portraits/women/87.jpg,China,Shanghai,31.2304,121.4737,System Administrator,Engineering
Melike Kocabıyık,Female,melike.kocabiyik@example.com,https://randomuser.me/api/portraits/women/23.jpg,Sweden,Stockholm,59.3293,18.0686,Quality Assurance Specialist,Design
Diana Lawrence,Female,diana.lawrence@example.com,https://randomuser.me/api/portraits/women/76.jpg,Germany,Stuttgart,48.7758,9.1829,UX Designer,Design
Carla Jiménez,Female,carla.jimenez@example.com,https://randomuser.me/api/portraits/women/22.jpg,Germany,Dortmund,51.5136,7.4653,Product Manager,Product
Felipe Castillo,Male,felipe.castillo@example.com,https://randomuser.me/api/portraits/men/81.jpg,Italy,Rome,41.9028,12.4964,HR Specialist,Human Resources
سوگند علیزاده,Female,swgnd.aalyzdh@example.com,https://randomuser.me/api/portraits/women/70.jpg,Germany,Frankfurt,50.1109,8.6821,System Administrator,Engineering
Julie Da Silva,Female,julie.dasilva@example.com,https://randomuser.me/api/portraits/women/74.jpg,Germany,Dortmund,51.5136,7.4653,Database Administrator,Data Analytics
Irene Cabrera,Female,irene.cabrera@example.com,https://randomuser.me/api/portraits/women/96.jpg,Australia,Sydney,-33.8688,151.2093,UX Designer,Design
V'yacheslava Dem'yanchuk,Female,v'yacheslava.dem'yanchuk@example.com,https://randomuser.me/api/portraits/women/92.jpg,Germany,Hamburg,53.5511,9.9937,DevOps Engineer,Engineering
Yaëlle De Gouw,Female,yaelle.degouw@example.com,https://randomuser.me/api/portraits/women/43.jpg,Spain,Madrid,40.4168,-3.7038,System Administrator,Engineering
Logan Johnson,Male,logan.johnson@example.com,https://randomuser.me/api/portraits/men/45.jpg,Germany,Dusseldorf,51.2277,6.7735,Frontend Developer,Engineering
Luz Ibáñez,Female,luz.ibanez@example.com,https://randomuser.me/api/portraits/women/84.jpg,Netherlands,Amsterdam,52.3676,4.9041,Software Engineer,Engineering
José Garrido,Female,jose.garrido@example.com,https://randomuser.me/api/portraits/women/23.jpg,Argentina,Buenos Aires,-34.6037,-58.3816,HR Specialist,Human Resources
Frankie Gonzalez,Male,frankie.gonzalez@example.com,https://randomuser.me/api/portraits/men/0.jpg,Japan,Tokyo,35.6895,139.6917,HR Specialist,Human Resources
Frank Karl,Male,frank.karl@example.com,https://randomuser.me/api/portraits/men/49.jpg,Italy,Rome,41.9028,12.4964,HR Specialist,Human Resources
Melissa Meyer,Female,melissa.meyer@example.com,https://randomuser.me/api/portraits/women/47.jpg,Netherlands,Amsterdam,52.3676,4.9041,HR Specialist,Human Resources
Ellie Davidson,Female,ellie.davidson@example.com,https://randomuser.me/api/portraits/women/4.jpg,Mexico,Mexico City,19.4326,-99.1332,UX Designer,Design
Prathiksha Prajapati,Female,prathiksha.prajapati@example.com,https://randomuser.me/api/portraits/women/73.jpg,Germany,Leipzig,51.3397,12.3731,Product Manager,Product
José Carlos Pizarro,Male,josecarlos.pizarro@example.com,https://randomuser.me/api/portraits/men/91.jpg,Germany,Hamburg,53.5511,9.9937,Product Manager,Product
Balder Thompson,Male,balder.thompson@example.com,https://randomuser.me/api/portraits/men/74.jpg,Sweden,Stockholm,59.3293,18.0686,Database Administrator,Data Analytics
Mathias Mercier,Male,mathias.mercier@example.com,https://randomuser.me/api/portraits/men/5.jpg,Brazil,São Paulo,-23.5505,-46.6333,UX Designer,Design
Zlatko Vidić,Male,zlatko.vidic@example.com,https://randomuser.me/api/portraits/men/74.jpg,Germany,Stuttgart,48.7758,9.1829,Backend Developer,Engineering
Gonca Düşenkalkar,Female,gonca.dusenkalkar@example.com,https://randomuser.me/api/portraits/women/29.jpg,China,Shanghai,31.2304,121.4737,HR Specialist,Human Resources
Damir Ignjatović,Male,damir.ignjatovic@example.com,https://randomuser.me/api/portraits/men/14.jpg,Spain,Madrid,40.4168,-3.7038,Machine Learning Engineer,Data Analytics
Lea Jean-Baptiste,Female,lea.jean-baptiste@example.com,https://randomuser.me/api/portraits/women/76.jpg,Argentina,Buenos Aires,-34.6037,-58.3816,HR Specialist,Human Resources
Isabelle Hanson,Female,isabelle.hanson@example.com,https://randomuser.me/api/portraits/women/26.jpg,Brazil,São Paulo,-23.5505,-46.6333,Quality Assurance Specialist,Design
Alfred Wilson,Male,alfred.wilson@example.com,https://randomuser.me/api/portraits/men/6.jpg,Japan,Tokyo,35.6895,139.6917,HR Specialist,Human Resources
Matias Ketola,Male,matias.ketola@example.com,https://randomuser.me/api/portraits/men/77.jpg,Argentina,Buenos Aires,-34.6037,-58.3816,Software Engineer,Engineering
Olga Petković,Female,olga.petkovic@example.com,https://randomuser.me/api/portraits/women/37.jpg,Germany,Dortmund,51.5136,7.4653,UX Designer,Design
Giada Mekenkamp,Female,giada.mekenkamp@example.com,https://randomuser.me/api/portraits/women/16.jpg,USA,New York,40.7128,-74.006,HR Specialist,Human Resources
Romana Shelepnickiy,Female,romana.shelepnickiy@example.com,https://randomuser.me/api/portraits/women/6.jpg,Spain,Madrid,40.4168,-3.7038,System Administrator,Engineering
Aldalgisa Jesus,Female,aldalgisa.jesus@example.com,https://randomuser.me/api/portraits/women/11.jpg,India,Mumbai,19.076,72.8777,Scrum Master,Product
Deann Wagner,Female,deann.wagner@example.com,https://randomuser.me/api/portraits/women/67.jpg,Germany,Berlin,52.52,13.405,Data Scientist,Data Analytics
Astrid Johansen,Female,astrid.johansen@example.com,https://randomuser.me/api/portraits/women/67.jpg,Turkey,Istanbul,41.0082,28.9784,Machine Learning Engineer,Data Analytics
Kelly Carroll,Female,kelly.carroll@example.com,https://randomuser.me/api/portraits/women/64.jpg,Germany,Dusseldorf,51.2277,6.7735,HR Specialist,Human Resources
José Gallardo,Male,jose.gallardo@example.com,https://randomuser.me/api/portraits/men/57.jpg,Sweden,Stockholm,59.3293,18.0686,Data Scientist,Data Analytics
Neutel Costa,Male,neutel.costa@example.com,https://randomuser.me/api/portraits/men/1.jpg,Italy,Rome,41.9028,12.4964,DevOps Engineer,Engineering
Gail Kelley,Female,gail.kelley@example.com,https://randomuser.me/api/portraits/women/36.jpg,USA,New York,40.7128,-74.006,Database Administrator,Data Analytics
Marianne Bartholomeus,Female,marianne.bartholomeus@example.com,https://randomuser.me/api/portraits/women/40.jpg,Germany,Essen,51.4556,7.0116,Backend Developer,Engineering
Rayaan Rai,Male,rayaan.rai@example.com,https://randomuser.me/api/portraits/men/9.jpg,Germany,Leipzig,51.3397,12.3731,Product Manager,Product
Heide-Marie Andresen,Female,heide-marie.andresen@example.com,https://randomuser.me/api/portraits/women/67.jpg,Germany,Stuttgart,48.7758,9.1829,UX Designer,Design
محمدامين یاسمی,Male,mhmdmyn.ysmy@example.com,https://randomuser.me/api/portraits/men/55.jpg,India,Mumbai,19.076,72.8777,HR Specialist,Human Resources
Dhanashri Ramesh,Female,dhanashri.ramesh@example.com,https://randomuser.me/api/portraits/women/43.jpg,Netherlands,Amsterdam,52.3676,4.9041,Product Manager,Product
Nastasija Preković,Female,nastasija.prekovic@example.com,https://randomuser.me/api/portraits/women/75.jpg,Canada,Toronto,43.65107,-79.347015,HR Specialist,Human Resources
Jonathan Hansen,Male,jonathan.hansen@example.com,https://randomuser.me/api/portraits/men/89.jpg,France,Paris,48.8566,2.3522,HR Specialist,Human Resources
Kuzey Köylüoğlu,Male,kuzey.koyluoglu@example.com,https://randomuser.me/api/portraits/men/26.jpg,Egypt,Cairo,30.0444,31.2357,UX Designer,Design
Steve Pierce,Male,steve.pierce@example.com,https://randomuser.me/api/portraits/men/90.jpg,Sweden,Stockholm,59.3293,18.0686,Backend Developer,Engineering
Dan Wells,Male,dan.wells@example.com,https://randomuser.me/api/portraits/men/99.jpg,Argentina,Buenos Aires,-34.6037,-58.3816,Database Administrator,Data Analytics
Fatih Pektemek,Male,fatih.pektemek@example.com,https://randomuser.me/api/portraits/men/78.jpg,China,Shanghai,31.2304,121.4737,HR Specialist,Human Resources
Julio Peters,Male,julio.peters@example.com,https://randomuser.me/api/portraits/men/36.jpg,UK,London,51.5074,-0.1278,Scrum Master,Product
Milutin Jakšić,Male,milutin.jaksic@example.com,https://randomuser.me/api/portraits/men/20.jpg,South Africa,Cape Town,-33.9249,18.4241,HR Specialist,Human Resources
Hildburg Rebmann,Female,hildburg.rebmann@example.com,https://randomuser.me/api/portraits/women/71.jpg,Germany,Stuttgart,48.7758,9.1829,Backend Developer,Engineering
Teodoro Mateo,Male,teodoro.mateo@example.com,https://randomuser.me/api/portraits/men/48.jpg,South Africa,Cape Town,-33.9249,18.4241,Frontend Developer,Engineering
Juan Moreno,Male,juan.moreno@example.com,https://randomuser.me/api/portraits/men/4.jpg,China,Shanghai,31.2304,121.4737,Machine Learning Engineer,Data Analytics
Karina G'ereta,Female,karina.g'ereta@example.com,https://randomuser.me/api/portraits/women/60.jpg,South Africa,Cape Town,-33.9249,18.4241,Scrum Master,Product
Murat Ekşioğlu,Male,murat.eksioglu@example.com,https://randomuser.me/api/portraits/men/82.jpg,USA,New York,40.7128,-74.006,UX Designer,Design
Nick Chapman,Male,nick.chapman@example.com,https://randomuser.me/api/portraits/men/79.jpg,Argentina,Buenos Aires,-34.6037,-58.3816,Product Manager,Product
Tammy Fields,Female,tammy.fields@example.com,https://randomuser.me/api/portraits/women/18.jpg,Germany,Berlin,52.52,13.405,Frontend Developer,Engineering
Xaver Blum,Male,xaver.blum@example.com,https://randomuser.me/api/portraits/men/63.jpg,India,Mumbai,19.076,72.8777,Machine Learning Engineer,Data Analytics
Wendy Riojas,Female,wendy.riojas@example.com,https://randomuser.me/api/portraits/women/41.jpg,Canada,Toronto,43.65107,-79.347015,Quality Assurance Specialist,Design
Iina Tuomala,Female,iina.tuomala@example.com,https://randomuser.me/api/portraits/women/30.jpg,Italy,Rome,41.9028,12.4964,System Administrator,Engineering
Ethan Mills,Male,ethan.mills@example.com,https://randomuser.me/api/portraits/men/86.jpg,Egypt,Cairo,30.0444,31.2357,HR Specialist,Human Resources
Zemfira Cibulko,Female,zemfira.cibulko@example.com,https://randomuser.me/api/portraits/women/63.jpg,France,Paris,48.8566,2.3522,Scrum Master,Product
Sofia Andersen,Female,sofia.andersen@example.com,https://randomuser.me/api/portraits/women/19.jpg,Turkey,Istanbul,41.0082,28.9784,HR Specialist,Human Resources
Héctor Carbajal,Male,hector.carbajal@example.com,https://randomuser.me/api/portraits/men/32.jpg,Germany,Berlin,52.52,13.405,UX Designer,Design
Julian James,Male,julian.james@example.com,https://randomuser.me/api/portraits/men/33.jpg,India,Mumbai,19.076,72.8777,Frontend Developer,Engineering
Noah Moore,Male,noah.moore@example.com,https://randomuser.me/api/portraits/men/77.jpg,Brazil,São Paulo,-23.5505,-46.6333,Scrum Master,Product
Frida Jensen,Female,frida.jensen@example.com,https://randomuser.me/api/portraits/women/13.jpg,Spain,Madrid,40.4168,-3.7038,Machine Learning Engineer,Data Analytics
Eva Espinoza,Female,eva.espinoza@example.com,https://randomuser.me/api/portraits/women/87.jpg,Spain,Madrid,40.4168,-3.7038,HR Specialist,Human Resources
Fatma Özdenak,Female,fatma.ozdenak@example.com,https://randomuser.me/api/portraits/women/42.jpg,France,Paris,48.8566,2.3522,HR Specialist,Human Resources
Samia Van Rossum,Female,samia.vanrossum@example.com,https://randomuser.me/api/portraits/women/88.jpg,Netherlands,Amsterdam,52.3676,4.9041,Frontend Developer,Engineering
Demétrio Ferreira,Male,demetrio.ferreira@example.com,https://randomuser.me/api/portraits/men/48.jpg,Germany,Munich,48.1351,11.582,UX Designer,Design
Thomas Wright,Male,thomas.wright@example.com,https://randomuser.me/api/portraits/men/99.jpg,Mexico,Mexico City,19.4326,-99.1332,Project Manager,Product
Archer Thomas,Male,archer.thomas@example.com,https://randomuser.me/api/portraits/men/64.jpg,Canada,Toronto,43.65107,-79.347015,HR Specialist,Human Resources
